x1,x2,y
1.3860517053670558,-1.6595653467635372,1
0.48859088207702395,0.5594134183615138,0
-1.2297666541215682,1.7393876650262599,0
1.0384155430404465,-0.8877399306032759,0
-1.077048977928722,-1.3056883599635638,0
1.1544276386168675,1.5040798272080473,1
1.1572993780986842,-1.7262281815776133,1
-0.06736293393898309,1.5205405339920834,0
0.5456390682795422,-0.22053068822600172,1
1.4586854354141356,0.824211289060447,1
0.10076399518896245,-1.4940423862909538,1
1.980787397228909,-1.2890359957120279,1
0.42375221516836625,-0.9580517596282667,0
0.4701957365014205,0.8061133350793346,0
-1.407885205768337,-0.6460871562494792,0
0.5485977453380301,-0.19910255889719308,1
-0.4851983458949655,-0.3038943994288325,1
1.2856716356997855,0.7033386079637661,1
-0.47743778370241946,1.713031804974914,0
-2.0707095146477026,1.1632559543805991,0
-0.5783237197382727,-0.4449061477750894,1
1.4226438814676168,-1.7354859398247044,1
0.5434452198108443,-1.7718534605796175,1
1.491288795166897,-1.629590431844176,1
-2.135992039089888,-0.510260663975189,1
-0.14111389007378616,-1.594660660624318,1
0.7389687182864463,-1.607027347836735,1
0.46603676803610244,0.5612434726908189,0
-1.3040147341207435,1.6943618998299124,0
-0.5863247033617812,-0.8853456798895056,1
-1.2418089149837,-1.5601362157205139,0
-0.42702388719576007,-0.38201001033081083,1
0.38263006290261675,-0.8662828316231113,0
-1.597061001928686,0.7568721549419768,1
0.3904601060642182,-1.787714235956203,1
-1.0673157840315806,-1.7784602924287065,0
-0.6796962019556576,0.8816550875952639,1
-0.3225650852208987,-0.892169692776017,1
0.5333135780969428,0.707598679159557,0
-1.2007964358643204,-1.4232702130072723,0
1.200289164569658,1.0144748717708203,1
0.8352502651927647,1.8312696369398098,1
0.9109512021501186,1.6898531060688937,1
0.7382847200848863,-0.16394709528068857,1
-0.2296227630170153,-1.4050488207571805,1
0.4587326118047668,0.42191962882211476,0
-1.037345427344671,0.835947969101651,1
-0.5730637441739621,-0.7616840532890327,1
0.5525884775396804,-1.7434119856883161,1
1.2813550077139364,0.8608655947886351,1
0.12582091190745628,-0.7053251668153131,0
0.33862733936453276,2.2537426359287096,1
-2.462799410717831,1.3336180741576802,0
0.5042308647515723,-0.22145620792680423,1
2.174088856184226,0.3722591990360839,0
-1.250685721209513,-1.085085271245625,0
-0.1931916153073319,-2.3672823359078676,0
-1.1655253287441958,-1.1028234157291301,0
-1.7690327570438376,1.674922352665288,0
-1.2828773367241513,-1.2343012410430585,0
-1.2294461018946297,1.8205230526952392,0
0.26321850063269464,-0.6650369281841991,0
0.41925187796363506,2.350570785943213,1
-2.086656920663062,-0.3927453667339966,1
-2.503161051758813,0.8274163374464396,0
-0.1047214248209631,0.7408882126738767,1
2.3607154747115495,0.4246299344407851,0
0.6332226565753164,2.1187962964565945,1
-0.7198117144049558,0.2619914987353648,0
1.2577346115758685,0.14744101618596325,1
1.2772843193699823,0.9048026498177422,1
0.3819184852572143,1.1768445317498353,0
-0.0515027933007088,-1.617362136466173,1
-0.9846635925454076,0.8726231043068458,1
0.9634913056728449,1.9562152751257587,1
0.06772423505538047,-1.4158675752051935,1
0.24006263442738235,2.4606665353808936,1
-0.6276464316271128,0.16218473305929165,0
-0.5037817383682329,-0.5040226420235216,1
0.49468596611098903,0.4025333457575666,0
-0.646380570215119,-0.6058771374321905,1
1.6046772448176654,-1.5164453852043556,1
0.5691413649118888,2.0602721731389257,1
0.4007411740299649,-0.7998094869182368,0
-1.0305987752177754,-0.15244601266530824,0
-0.9308715351166588,0.8131273350367242,1
0.5629775638792583,0.47629733569428856,0
-1.8952745951763144,0.16568685993225973,1
-1.2078924444015118,1.7289390279085464,0
-1.0152665812149362,0.8183933453899057,1
1.1861049868200546,1.2794090806809801,1
-0.21762289019138295,-1.380803186644791,1
0.5622929788424373,0.8450712034578227,0
-0.7062489375133395,0.13897826335884542,0
-0.09807247471057116,0.6446692223381968,1
0.5350975894539421,2.035331946838183,1
-0.43498327224708705,-2.1562035606982235,0
-0.39192011436014057,0.8883947385150407,1
-0.4881767650339106,0.19718896801407862,0
2.186216250006629,0.6591889969845178,0
-2.0636829384127315,-0.07827550347882808,1
1.1362389085755713,-1.749044816235629,1
1.2383073758727867,0.10401327636487759,1
-0.5736806406759889,1.6091262720473853,0
-1.0885596156952315,-1.5474092518846754,0
0.9848851571629265,1.7419552038872617,1
-0.8139952691820036,-1.8019636401896377,0
1.3454604632013651,0.9474640495510671,1
-0.9443192721608025,0.028501623737922442,0
-1.3827006186334225,-0.3403429332985148,0
-0.38037009157295504,-0.44351317557508035,1
-1.664898181522623,0.3544687361665882,1
2.0435059458066807,0.7402273852108405,0
1.193811301704503,0.30637658587322686,1
-1.434082284668805,1.580512714692658,0
1.2494142510240227,0.8988946925352538,1
-0.8629666817289083,-2.051605940201869,0
-0.5382113601316721,-2.122206432164583,0
1.0130494551547946,-1.6508586984839342,1
0.7359252697293531,-1.7978018077683295,1
1.5147373798515975,-0.5914795455489699,0
0.17068268397482397,1.227360652796896,0
0.5411484513140822,-0.7343797694160026,0
-2.1204465462372477,-0.7953865252664571,1
-0.10498721994737573,0.5710115780628987,1
-0.4809127203990639,0.8704844115977163,1
-2.0719378625034226,1.3646256913156254,0
0.9073257220988031,-0.009514494621612963,1
-0.32583226677488974,1.6838609880656115,0
0.9537088363834042,1.715043355297039,1
0.5211843048593011,-0.9010323981943474,0
1.0606471830032436,-0.8033263259319953,0
0.24266666811310295,-1.4521185487973363,1
-1.7872525212099906,0.1404163537374137,1
-1.1797816342191765,-1.1018122169117872,0
0.14480812937840443,1.4778896890325788,0
1.484065063540839,-0.443836377209305,0
1.104442813565655,1.72884395856253,1
-1.0025018052040042,-0.0058987938568831185,0
0.9799721454963767,1.8255508303879528,1
-0.7204982925438743,0.8755708360401324,1
0.34384833219127653,0.2515760023340847,0
-0.618307638425428,0.22138866256817982,0
0.8914988880492655,-0.8161013722263734,0
-0.5296023409164792,-2.257092704837569,0
0.24285361359596885,0.09077649765130832,0
-1.1797328769998936,-1.6949771755344598,0
-0.14968365467518127,0.8675302712696739,1
-0.4606625650974475,-0.3894610399444955,1
1.0658538189891396,0.012015993990703088,1
-0.17906975249142337,1.6388970222571515,0
0.6958055596366006,2.0862330721099234,1
-1.1510333899689729,0.9119862452043026,1
0.448929492057381,0.40199230905781436,0
-2.0469053621408886,-0.6160176586979402,1
-1.198907464679197,-1.4184301986575956,0
0.9541970139905765,0.2376447292452478,1
-0.5121221638957039,-0.8049918099007176,1
0.04217460068086498,-0.5298751212250162,0
1.1337700573776515,1.4252471788030248,1
0.5963079616955981,2.1793515437621442,1
0.9751543303736367,-0.8394596736974922,0
0.16889973693261578,1.2080914736388833,0
2.1676878392745866,1.0032890747269545,0
0.03960387427972007,0.2661096365832584,1
-1.3374910749720061,1.714696764473983,0
0.5509641565428066,2.2095826770811478,1
0.03459308533036917,-0.5171950186376434,0
0.30638112099767045,-1.6510768412846748,1
-2.2106218491492893,-1.2748246764192284,1
-0.46636379463649963,-0.4583141726836318,1
1.614359018450927,-1.6907285087716353,1
0.7543832212996725,2.2134165564365618,1
-0.11503525576245967,-2.57720798470396,0
-1.251279562979042,-0.4393733536816873,0
-1.4330740499685843,-0.9066408109800944,0
0.35052660315596973,-0.20997035239194511,1
2.133435514417794,0.6088586134948663,0
-1.198583827959892,-1.2397103957143383,0
1.7060951965404776,-1.4123036786141447,1
-1.2976785475746384,0.7624327041734558,1
-1.155340445377816,-0.271071684611007,0
0.5110164834213967,0.7397665962845179,0
-1.0833166617230428,-1.5458870792995096,0
-0.03687149331984915,0.5983539493219268,1
2.028386198551664,-0.09071046119563211,0
-0.06791834457899298,-1.391552893390619,1
1.132944850279668,0.23460049143387693,1
-0.08171924412054485,0.6515717042330232,1
-0.1599683612544549,-2.527839157383033,0
-1.2111398385396257,-0.9351831198299009,0
-1.2532074106003759,-0.8670698051410599,0
-1.3014905970387591,-0.753261128967805,0
-0.7233019340096689,0.18505028493807757,0
-1.3898066434840497,0.5414515495732669,1
-0.2744331092181512,-2.6258338043786726,0
-0.4799974974870103,0.9073636358693995,1
-0.3796958038212073,0.8899353766947912,1
0.7523995634544355,2.0748873824083,1
-0.8196261619469534,0.7986918747987557,1
0.0021088214144562114,2.5305106194545512,1
0.11646393906120327,-0.7075734574548227,0
-0.5305694706558107,-0.5102999319021397,1
-1.387896103336975,-0.7207955724089103,0
2.0825411474918574,-1.3224816554090049,1
-0.1277990222394556,0.7651827409505656,1
-2.043712985253315,-0.15365200287964836,1
-2.160465136743318,-0.4456499805363726,1
1.2282365233711539,0.85080522057801,1
0.051376007921749296,-0.6527550526365896,0
0.5716680162659145,-0.8412261671760137,0
1.8655525572422356,0.04333263662902408,0
0.1306211164085725,1.4451880589286203,0
-1.704061623633034,1.586703216616697,0
-2.1092908178940535,-1.3117988894483006,1
-0.14625002476855645,-2.208380527581069,0
-0.6762673752404811,1.6746391544116501,0
0.44877231300058024,1.055743980641163,0
-1.291670167155521,-0.6030844105112528,0
0.35857743642457746,1.057977153416258,0
-0.5290176599413123,1.7492038803805796,0
0.347169332173404,-0.7624304244984043,0
0.7317204513815473,-0.29444412900043626,1
-1.1670395819641695,-0.5361174780670934,0
-2.1368877061275025,-0.31526409613025735,1
-0.989177250837441,-0.04162110493635985,0
-0.10778141457809547,0.6056412417602629,1
1.8902330667909604,-0.20567240109725649,0
0.47227058810401235,-0.8792538387532183,0
0.15220988396968207,-1.6609856497925404,1
-0.35210345215514494,1.7532598046379386,0
1.020538427902014,-0.877929384230495,0
0.030730863602563847,1.6027018230774548,0
0.7475521268912018,-1.0460771077737967,0
2.072564693848796,0.8378020218450016,0
-1.2802780120657933,1.634622076739544,0
1.390171138609321,0.5134525657294521,1
-0.9604749083511732,-1.651170218031674,0
0.453777641326865,0.8540154826516667,0
1.4034165965605312,-0.5555195850987446,0
1.293715899907045,-0.687346911140206,0
0.6428327953571601,2.2199606552157873,1
0.9942952609527268,-0.019105409428510394,1
1.1287940436465003,1.1531766634825056,1
0.4546669534529465,-1.4504582468731217,1
-1.2500204555227379,0.8572240376942157,1
-1.2542209667403426,-0.5958110974811264,0
0.20693701977927206,-1.634536903075489,1
0.49697204713142606,-0.8904271577684062,0
-0.18731923078927723,0.6449415173047068,1
2.0991139651938435,1.326865589443496,0
-0.013351839728109292,1.5488755340443061,0
0.27491050078725754,1.3352139472791333,0
-2.1048763165407056,0.29357940607985217,1
-2.142977306818605,-1.105235907448341,1
0.6645077885873917,-0.30706133138762715,1
0.7712335006266897,2.008393897955801,1
-1.3950906705106392,-0.860551750853191,0
-0.06333478063731138,0.6171836798193815,1
-0.6267834362089808,-0.5824542394357175,1
-1.4011664866168354,1.5829871519668375,0
-0.8075169220851905,1.6718697829805593,0
-0.7596016463763623,0.2699233243660169,0
-0.1651882288164265,0.5579249080911144,1
1.874825106881927,-1.487738483900122,1
-0.4768451610970978,-0.7328476447453937,1
2.094989065779232,-0.06788686881324832,0
-0.38882795453255736,-2.2920827500296146,0
-1.3303602947634638,-0.9907976760106382,0
0.8963915490999572,-1.7184534768165183,1
-0.8257135153369016,0.9201877162822587,1
1.3851141920912189,1.4650365504323681,1
1.5044550690259324,-1.6594336746679526,1
-1.1208996351821436,-1.4151704702982326,0
2.1496484300205294,1.1554339412930401,0
-0.15618703525765806,-2.470179895855731,0
0.27051968132700327,-0.7518917573658681,0
0.6611559200698763,-1.0568128380506125,0
-0.7673778159172409,0.11064655973508541,0
-0.5074544211465378,-1.0487252514311725,1
1.151919682158585,1.3885102490400258,1
0.5139742057705,-0.2129914928522634,1
-2.06898751055684,1.380101687321286,0
-0.9188941805936562,-1.92047979667398,0
-2.0015532521387085,-0.11316577266454804,1
-0.6141613652200659,0.8840745178808904,1
0.4926118814425936,2.219028762776684,1
-0.8312385163820417,0.9190410339818186,1
0.4955761346456294,0.4395904228639298,0
1.532121656433426,-0.668437416155614,0
-2.1320512665731717,-0.4335788726221652,1
2.200300271091259,1.5245581979625769,0
1.3417745288259875,0.4968312678127545,1
1.9472443688796877,-1.46141242717125,1
2.142164493223398,0.6332699521079508,0
0.5937381630980823,-1.6376904071027472,1
1.1488705361661418,0.03534698016195099,1
-0.49651872397986346,-0.6194427631667534,1
1.0897419049431527,-0.91923381231192,0
2.2220265219505486,0.9540805107367891,0
0.5595934616568741,-0.9507515177718158,0
-0.3256510496240739,-2.422483059963153,0
-0.13732348788313908,0.7085887474233944,1
-0.6490924954868071,0.8618458858476505,1
-0.23425923718946695,0.7073082071672718,1
1.261196731103052,-0.8066572497720336,0
0.6786934833590312,-1.748435729947981,1
0.28029082798141064,-0.6775547641948917,0
0.5300281212183904,-1.753759142268335,1
-0.23667387598221679,0.7335767002240701,1
-0.038241847308747225,0.564486564139228,1
-0.7336070269363899,0.18528582662481152,0
1.2929889603015778,0.8696221502620555,1
2.050212659278394,-0.03159348083718942,0
-0.5116566246021542,0.1644907075907116,0
0.19886532108444271,-1.424099223724295,1
-0.4928023170819147,0.832571207750306,1
-0.5035718430504452,-0.3311269905136019,1
0.39775417364124804,2.268057187343285,1
-0.20499395141762208,0.6957480275418118,1
-1.0183225355828607,1.7428688659755451,0
-0.8114151341510091,0.2511729692288713,0
1.9393610355990587,-1.3193743438399215,1
0.5198831376523454,0.7620245172676504,0
0.5444224481402432,-0.18914444856541202,1
1.7694168045702685,-0.20092435522919497,0
-1.336011568935596,-0.8859549194100854,0
0.0549058921974752,-0.5423592287545449,0
-0.4625015331912695,-0.4999682511223859,1
-0.8664672579370918,-2.0132924228278832,0
0.5821415860077072,0.6560169151474817,0
-1.0569625362259634,0.802220941972266,1
-0.9721462218032542,1.7307311511186387,0
-0.5194105788293304,0.26112201707460286,0
-1.2494947946593777,-1.5103015328934881,0
-1.5427719578879546,0.5083364616400012,1
0.6024249333436574,-0.9103783014089768,0
-0.9393689756328486,0.7681435790326768,1
-0.5098106496962629,-0.45812218942198835,1
-1.5312150317554905,0.5219290284886255,1
-2.012947974089036,-0.3661885631152704,1
0.2067730342732681,-1.6683608943621844,1
1.4854774192474334,-0.6291074520831924,0
0.7957020370437394,-0.2863346964991199,1
-0.8766368667798655,0.8532988334576674,1
1.3494808229188207,1.1532809167620797,1
0.3732661631108272,-0.7743027919200575,0
-0.4640891490580969,-0.31717576006946935,1
-1.4294316405544534,0.5584387979461951,1
-0.22386483533773904,2.6854297164237537,1
0.4400873896216857,0.21123511183577615,0
0.883666038876352,-1.6664613503734222,1
-2.270551291000158,-0.6445099782774177,1
-0.9291417126804576,1.7384909431813471,0
-1.2015001492207449,0.7242983906273281,1
0.5589062670152419,1.0238719933650382,0
1.0898240048763874,-0.02668895152563053,1
-0.4172745065742017,0.769892991165769,1
0.19738460874072375,-0.8208354095639961,0
0.4252919898336985,-0.889044088666129,0
-0.1106387710089844,1.6080639375225723,0
-0.6692723106531363,-0.5322352934256741,1
-1.1782411319527037,-1.6644622590827336,0
1.8122580625539506,-0.37063060841866596,0
-1.2723047599558501,-0.9701139294333255,0
2.1500114906429126,0.06862860916547053,0
0.981978379226951,1.8262057904414801,1
-0.8997059528853284,0.8804051377376775,1
1.6284435144048885,-0.5200982150790665,0
1.0816318628612653,1.390202269594962,1
-0.6451357076178705,1.6369852270775553,0
-0.1854611193713494,-2.2966754154397018,0
0.37906145381821615,-0.8852902156425517,0
-0.6098245345651557,1.7198543300449267,0
-1.0598402214231242,1.7626328019082922,0
0.4068299239465712,-0.1631691363688803,1
0.4660036639652435,-0.8727148289055598,0
1.9384022177371285,-0.2099795540389356,0
-1.8925885213959541,0.19491786758100776,1
0.5637403515342687,0.8142082318024926,0
0.8295112360726006,-0.1063201515042821,1
2.279084945688149,0.6413885825299109,0
1.6834070624841966,-0.41466380855769047,0
-0.5538898039843172,-0.7021536129215763,1
0.790212055280786,-0.8269352637536971,0
-1.2534452415021113,-0.4698553081320753,0
1.2070296202694364,1.2052263727420311,1
0.06909876655889305,1.38549770776611,0
0.6294393144977025,2.1762704576318073,1
0.5927184358918228,0.8495824171264263,0
1.041380886324103,-1.7493597539254457,1
-0.3091409576131682,1.6283055243531124,0
1.4156340864344121,-0.7424702384571544,0
1.156676184984061,0.3147718398055766,1
0.03831178419622688,-1.5954390019123788,1
1.776498145348015,-0.28300901469061807,0
1.919320575441177,-0.25393123460457234,0
-0.4011813940396658,-0.8705942979633916,1
0.2837076840765532,-2.625856269129907,0
0.4828446774798138,-0.7779243037978825,0
1.4798711338644386,-1.7074315839017997,1
-0.11084412657544059,1.5152552894210014,0
0.41084622046939867,-0.7762776776505343,0
-1.4259647866901726,0.5797833206637758,1
0.4878976796707052,2.3783487231355744,1
-1.3766874355623315,-1.0152904267302596,0
0.7035765705683198,-1.8744084060614332,1
0.9213363363806086,-0.8955840152060345,0
1.3628401064427114,0.45909103068378415,1
-1.217464240730215,-1.404340853023898,0
1.7255457068006927,-0.293817687783995,0
-0.2856921444532674,0.7680560710038312,1
2.1242925588823933,-1.149091861796169,1
-0.9345503006424126,-1.8952250418313716,0
0.872825732344736,-0.02682851606062108,1
2.2033994963891503,1.235233290422761,0
0.643476372905967,2.1793507649882473,1
0.3784010108916495,1.0946361998541367,0
-2.209922265002984,-0.3681630318688593,1
2.287216838486158,-1.0356777622941273,1
-0.040620209268121335,-1.5035839912511026,1
-0.8844125042101536,1.833293263918753,0
1.32431584538211,1.1096965626147932,1
1.5387093258819595,-0.5765413044800375,0
-0.7633884009339975,0.25539640608555647,0
-0.4475451172086318,-0.6662422542455148,1
0.525879518421761,-0.22285664921490736,1
-0.6220912483016263,-2.1444375541757488,0
0.08349578548366664,-1.5886797007013251,1
-0.19457520377515322,-1.582225964119067,1
1.689421967472461,-0.44589952342379413,0
0.3692484743704735,2.3895513553717027,1
-1.1617459269634378,-0.4023192600867334,0
1.6730380656733357,-0.6463588348824247,0
0.02546372167701567,-1.3826029816060714,1
-0.8338148767502277,1.5876405045734687,0
-1.1110451470280522,-1.308605543735834,0
0.02791331507772778,1.340371335675534,0
0.10903808283414827,-0.8209690948712312,0
-0.5243744674541493,-0.8490314720283516,1
-0.3604866495708776,-1.1482501981143847,1
-0.5403925641663857,-0.5795894960544546,1
-0.2983310574976348,0.6950586717730783,1
1.1305562016989275,-0.8407249547537052,0
0.7413431250375674,-0.27262341445400456,1
-0.2475764248870567,1.5450796833958544,0
-2.2099453546362127,-0.3737366591374275,1
1.2759971102916163,0.4460750067493362,1
1.1967370040255965,1.218277628865372,1
0.009999529067714025,-0.46668286474693194,0
-1.2780982705357364,-0.4938030821405435,0
1.056568218173821,1.5796791680188766,1
-1.3280617041802998,-0.8253728938004564,0
0.01895201725826084,-0.5917567159590039,0
1.3077446022560641,0.5800272605821633,1
-0.7188190177945922,0.8546518010677157,1
-0.5494724129512412,-0.9901744021104664,1
-1.4711428588952686,1.6359618452965847,0
-0.9008199712965435,0.9458001391527666,1
-2.214805265897779,-0.8057843921484773,1
0.2926803188756772,-0.696319465629715,0
0.9572620643075128,-0.07119873864291427,1
-0.17029440737057197,-2.3043488446751876,0
-2.2909776488697795,-0.7193704588606271,1
0.31480861481438877,0.13461691241631513,0
1.1524785961992747,-0.7706888172289317,0
-0.5631250561122734,0.34653582515316705,0
-1.107171189537519,1.6225856432796204,0
0.5334597155271201,2.0909935471271583,1
-0.7200941900008896,-2.1666825924451216,0
0.9806092996798743,-1.771694735749731,1
0.7042856663996783,-0.9992430316713737,0
-2.0467358795257966,-0.2979609651669631,1
0.48234175586107936,0.422569547123458,0
-0.17804687767827845,0.7384668768795879,1
-0.41738952103559,0.0891001541789098,0
0.36053761493608444,-1.8413795062498592,1
-0.8914758180884921,0.7409905794656895,1
0.5448415734373178,-0.9013001645958701,0
0.09102825607999003,-0.6251532082659023,0
-0.5858302723057156,-0.42570238972794416,1
-1.3146525427137017,-1.011837418539486,0
-1.9906135681707449,-0.25589342370888574,1
-0.6532158403031393,0.8876565106042067,1
2.2702972064500555,0.984191395762655,0
0.44276880083541786,1.0831007728176023,0
-0.1376146063019871,-1.4480784323814724,1
-0.34243040409259473,0.20439236137050784,0
-1.9369991593333151,0.13570923555040676,1
0.5393948391320346,0.5451038520995007,0
-0.7324984575391676,0.16655697577038014,0
-1.4862154891596429,0.722005761179801,1
0.05325437746288277,-0.620711092711195,0
2.092026421923853,0.417607018473687,0
1.4839441499851338,-0.8042922992379874,0
-0.5268686543222796,-0.3443671705921255,1
0.28965474242742745,1.4007836637537436,0
-0.4809997726678658,-0.3231022102187642,1
-0.6372778324970578,0.2158783969255715,0
-0.46655495237868816,-0.4679206084758204,1
2.2475628377469654,-1.0023879408295229,1
-0.3331071763839734,0.260722697444265,0
-0.46746565925036276,-0.33127771228736647,1
-0.470941193593983,-0.9984167224555909,1
0.47817864608585514,0.5962694970657598,0
-0.7980743806869867,-1.9418616973650293,0
-0.6783778898043591,-1.9622912832242665,0
1.8644744516315206,-0.035354374709060124,0
0.8210772144301393,-0.8084690006703656,0
0.5470417787322883,2.139860480902378,1
0.0029814493510339985,-1.444107048019792,1
0.5032945761424037,-1.6854758475478862,1
-0.11912871113174112,0.626939022357586,1
-2.134419579220229,-1.0211972007429346,1
-0.29785002032786934,-1.2021610599373438,1
0.1717295671614791,-0.7611435690823715,0
-1.3359509380614887,0.8348711382372452,1
2.2701005163789674,1.3135667253933,0
-0.7761486560619448,-2.2121403051802724,0
0.77937694088727,-0.23846850558488852,1
-1.0207247004576714,-0.18493666413228757,0
0.011020678182847292,0.32123115473203306,1
-0.10669973961882635,0.6350710670823131,1
0.8496529289494583,1.9355240469772734,1
-0.5139202643905331,-2.2710280281889053,0
-0.36607891291801303,-1.1292635585439708,1
-0.26897026749045083,-1.169810513807727,1
1.2198568763245723,1.191735976005579,1
-0.6625732653288843,-2.0787779172591887,0
1.2064733932195284,1.7075005954294813,1
-2.116703495370318,0.0701588218074906,1
0.5604506123393137,0.33838627137853006,0
-2.077198808402786,1.2238038382377276,0
-0.0692234610982782,-1.452173264295731,1
-0.0006243904423038341,1.5269422938177024,0
-0.20160320961690914,-1.619411820126164,1
-0.9547895460861647,0.15736113341408614,0
-1.1418577542303223,-1.4301940391916663,0
-1.0600449825793226,-1.562527960904192,0
0.4788759565553495,0.6981962483980548,0
-1.0710323680079408,0.8435341054268449,1
-1.851721391972249,0.06251550372084874,1
0.5235579217204712,2.049496856490283,1
2.270302949066855,0.880079746355187,0
0.5865452238955973,0.7409614519086497,0
1.0468675103381062,0.03378819357264064,1
-2.1549536751041094,0.0022554558869645534,1
-0.742944737728927,0.09949026224574782,0
0.2620400662990944,1.1782243395872678,0
-2.2145430353424915,1.1631568816090454,0
0.688565426406456,-1.008784197408194,0
0.4752438185469714,-0.8257328757075943,0
-1.5343760390708845,0.4617879266509803,1
0.6994194633177555,-0.8430680046509632,0
1.2284692693306638,1.5820802299659968,1
-0.45530646291702337,-0.19534938847682384,1
-1.9129952042118707,-0.1868987096086007,1
-1.1698158716218605,-1.2698250080584552,0
-0.9120922945381649,0.20391388848107003,0
-1.5604525513958183,0.5781915090769131,1
0.671473489057195,-0.2369404956647322,1
-1.141235441989545,-0.3960670493367978,0
-0.3730917142720032,-0.15593993608598608,1
-1.8837447350694971,0.007081052015049857,1
-1.436616391181899,1.5787522864370567,0
1.1670805778291247,0.1924918353962472,1
0.3484598619896612,-1.6950474275645604,1
1.8170970380758995,-0.18717157700326922,0
-2.1102644440947294,-1.5358401998679543,1
-0.46331784133059983,-0.5458750332682399,1
-1.1970649543381373,-0.08372494875140687,0
-0.4875813566222759,-0.8318073328786988,1
1.2392313855692039,0.2418348686845819,1
-1.1145307295262414,-0.3383080859461503,0
0.42061551520466217,-0.18196474307592192,1
0.4448431336220548,-0.821765690792541,0
0.371619257316104,1.2099488135065648,0
1.2493321347082431,-0.7967525911307615,0
0.4101624167950663,0.9635381497713557,0
-1.1484508256703287,0.7570274392611697,1
2.1240628218588884,0.02779442764529399,0
-0.7697531490033037,0.23937133296769272,0
1.3753846173162818,-0.6426021495534999,0
-1.7672409926208108,0.3530061981718499,1
0.9854626787947532,2.195149064968195,1
-1.9725094872038962,1.3821958444126143,0
-1.6314548263705786,1.6400424870387775,0
0.34987315201875024,1.0579146948104385,0
-0.6549690946903114,1.6320560202707286,0
-0.1833033389405518,0.8610970385328459,1
0.424292457651904,-0.2712912909238205,1
-0.4718760266460535,-2.2523143267962533,0
1.3818995981434021,-0.6916695320763278,0
1.990192647071432,-0.23265069333297575,0
-0.4417734743419992,-0.7631653293817872,1
-1.0669704116942766,-1.500430792844101,0
-0.5530565018074156,-0.5305070568600794,1
-1.031582903189119,-1.1584429813288133,0
0.4076984650356657,0.30954930638013567,0
-2.5359100569766273,0.9806236397912262,0
-2.029103365323791,1.429741036419666,0
1.0048182490871558,0.08577792788065525,1
0.5508598016546314,0.5149443608859929,0
-1.394728408322463,0.5515371572227582,1
1.1955312651839003,-1.5800794439310333,1
1.2882917877481066,0.9360512607761104,1
1.2074785797109102,-1.8028338539089768,1
1.7608668839432797,-1.3744186414447301,1
-1.2310866946125736,-1.5464814935343514,0
1.0754941855167062,-0.770058844571321,0
0.21457452084697262,1.436552836767441,0
1.3785674346618182,-0.7187102377899867,0
-0.3868733500617454,1.5507365159920297,0
-0.25832915676705887,-1.2864843277543727,1
0.8573808725588139,1.9265518689334262,1
-1.8957748619335115,0.1436637825615899,1
-0.4954473166646742,-1.141990485849969,1
-0.2865342725868008,-1.4601059832248382,1
-0.5098650171533377,-1.0097410109482587,1
1.151950979112188,1.34036212070005,1
-0.3660880348552848,-0.9803714244572357,1
0.41840586115737793,-1.6610768189234104,1
1.2837927108518816,0.9053327253702242,1
-1.371893961605189,-1.1258239700993966,0
1.3112239701103088,0.7722912610498815,1
0.8509537537198115,-1.8534943072113663,1
-1.9720281140294476,0.021260347440870204,1
0.7885017183979424,-0.08239977177976594,1
-2.0471050579769394,-0.9729468152758396,1
-0.3139076661998511,0.9025647768483721,1
-1.5974481569423193,0.5588116704237833,1
0.29002130457623987,2.446418702830686,1
-1.4350651206215246,0.8297268375163029,1
0.9521199006906896,1.9750488939396942,1
-0.5671223039127841,-0.6013109388291318,1
-0.3795549805701493,-2.296589870015302,0
-0.9134362313807834,0.10276475411845652,0
-1.1290354805634497,-1.400824998656568,0
0.4747440799353415,0.6752697656960217,0
-0.1664085932096214,0.7548144397508978,1
-1.2136834099445044,-0.7669872922134205,0
0.47269038170983,1.0104381533625475,0
0.8663476013065619,2.0864497180981907,1
1.560879347697631,-0.636423011028836,0
-1.9324888041682775,0.5427839918740333,1
0.7970512292941715,-0.8583977597770744,0
0.6253522127124613,0.9280046803194544,0
-0.058093772628683545,-2.417739559415924,0
1.3530481101037235,0.572584337528853,1
0.6372388057494573,-1.764136214925246,1
2.01297716164419,0.10940423776232962,0
-0.28864237583177094,-0.16574672517411018,1
-1.291650927274484,-1.1950391356465138,0
1.2688018615945933,1.3021487106720875,1
2.15472895246092,0.712109813860242,0
1.0753737944118194,0.2536484357994353,1
1.1204019998416466,-0.754391423222929,0
-0.353013282939435,-0.3696909724645462,1
-0.9530151264091804,0.013708052862113056,0
0.1091455947957904,1.4892511112070952,0
0.4035446422048613,1.009660026501554,0
-1.545002875654077,0.6765570699558932,1
-0.5182722903740974,-0.7011767532537178,1
2.175759511803339,-1.3097071245077438,1
0.2779534016964199,1.437660197638462,0
0.27983816662404687,-0.884766778427626,0
-0.5713027536577183,0.8325346599791744,1
1.5069169310171728,-1.5005610494140946,1
0.9549216515204426,1.8391753920589629,1
0.4796687856919322,-0.7971614681498826,0
0.3975707145831004,1.129827152913232,0
-2.0675793374423628,0.18845253752822966,1
-1.0836794963653733,-0.16717718934139278,0
-0.47432351151708657,-0.8351979101232582,1
-1.0451780379094822,0.10515177378197023,0
-1.1883146734662933,-0.31985140512933186,0
-0.7548344650687078,0.9012428868969131,1
-1.7259961829801593,0.4078677030636817,1
0.8650168655352917,-0.15249866712519444,1
-0.3427410857088518,-0.175956258905721,1
-0.021122476011749002,-0.43140469562920325,0
-2.035892805971388,-0.25244553808670755,1
-1.2352895484455653,0.6813507035154409,1
-0.666893518661645,0.2753413265767177,0
0.35120808959608785,1.4655992764227888,0
0.18836765069906497,-0.12526698744172457,1
-1.9267500406763116,0.11739893529902952,1
-1.9136117396707797,0.20210017399503746,1
1.3360261476353283,0.5701432486562857,1
-0.6080898619956381,-0.5200311517265763,1
-0.2816223472508083,0.6837694911234763,1
0.16344457204768123,-0.8214047630231093,0
1.2737591632681637,0.9959721316132043,1
1.0939800273736249,0.09037754705059024,1
-1.2391324647853323,-1.2148276996562908,0
-1.594725084028415,1.645265331181921,0
0.009311550937445848,-1.592808194848655,1
1.0829061175818118,-0.0023233331015684575,1
-0.9597182525027476,1.7465914281308506,0
1.306632798818247,-1.849127698544344,1
1.9715171724721359,-0.12012068428024969,0
-0.36621675251389024,-0.23413516731094466,1
2.1186549843506945,0.21278121645015804,0
0.8239478268071697,-0.9870150210833051,0
-1.9899302332355786,0.3227927823346895,1
1.1024191410156883,-1.6907602369813213,1
0.8595169612635313,-1.8656486276661899,1
0.5891576088238921,1.0205420335384843,0
-0.18830149805395452,0.8124113654595603,1
-0.18553714165078225,0.647586391306559,1
1.5254612374039447,0.9980214972926001,1
0.3474960804179549,2.2048546894362837,1
1.2935958197694832,0.8314796702180175,1
2.2489579908812622,1.0487773722702907,0
-1.026520417408183,1.7967877876200615,0
-0.24838506903492819,1.6085499085471944,0
2.2008514386647673,0.42139838436378824,0
1.2703917887109673,-0.8106006339810472,0
1.0399269956376087,-0.12021481018582039,1
-1.3070118569859632,1.6148060159007975,0
1.8871838982897384,-0.1967276854584593,0
-1.3317204154401634,1.7524596106648476,0
-1.6042796395890817,0.47531133378489526,1
1.8136662134500963,-0.36731551091233394,0
1.1755375948896634,1.6046059914608952,1
1.675682589035557,-0.48508565715629665,0
-0.6534286159646047,0.25457784520137555,0
0.034757352766942515,1.476312896232951,0
-0.7120961319598923,1.8366375040043736,0
0.1910513985263212,1.514129099053509,0
1.192280000541696,0.45603636151184496,1
-0.855666800326371,0.19621957340932522,0
1.7902626909495232,-0.43268988431176203,0
-0.7517248096022069,1.7158384589341804,0
-0.839940334964769,-1.962313729041608,0
0.20708599939013597,-0.5409966374963219,0
0.47009816255368303,0.6070502942720186,0
1.7465817641281518,-1.6879013132378868,1
2.2385435465801855,0.8427183116980768,0
1.7639573716408963,-0.22477696326436059,0
0.2713685351060426,1.3431736635724008,0
0.9003749918914955,-0.05721747517255303,1
2.172803363528098,1.2282609481817337,0
-1.17843351815835,-0.48503465320487343,0
1.067889341514522,0.13540681030276433,1
1.2690281441898075,-1.5897234550789925,1
0.9914879243127035,-0.8462743203397719,0
0.46932739477471264,0.40454906930145723,0
-0.07919253796107023,-1.2843087038581251,1
0.8395050410153568,-0.023269976129632653,1
-0.6237333067519307,0.9505193209330033,1
-0.5725784137945903,0.2138156443134564,0
2.248643475246857,0.601718813636212,0
1.444064677227639,-1.6309085978937257,1
2.141844910593533,0.7444078870801358,0
0.021393588659616113,1.3481733740361928,0
-1.4926206687094035,1.539844186561308,0
-0.5357502704677309,-0.6729656173836399,1
0.5117472489271198,2.196418665743732,1
1.2714055810143137,0.49920180012813425,1
-1.5731914793033697,0.5088116689137441,1
-0.3360510054561368,-2.5429280245132637,0
0.4524713580967619,-1.7198582829341775,1
-0.6882842268468657,-2.0320053405125944,0
-1.2286830227784493,-1.383932319813008,0
-1.2018837941570963,-0.18914966484528783,0
1.5502985281557102,-0.6099520459428108,0
1.6843536382362465,-0.37677960378137015,0
-1.4512543600309136,0.6301895086456821,1
1.6425975232544072,-0.5573418983243794,0
-2.0902110146288204,-0.2863234815519068,1
0.0661050962950381,-0.547783862863013,0
1.344708721842256,1.0464527905361931,1
-0.9041020998320713,1.6951767787114131,0
0.017866872440846383,-0.5634264416724205,0
0.3390388598282149,0.16140212832275377,0
-1.2631720650310911,0.8669099843175709,1
-1.974690326840153,0.07196540568609457,1
-1.2486604144703055,-0.5398126928056202,0
0.4931518272006445,-0.8726534653248741,0
-0.8248171240217901,1.7574710767897814,0
0.22397726309371566,-0.7355464154311688,0
0.4770576365273193,2.2438273120694094,1
0.2737822604064181,-1.5881898336485545,1
0.27206363953469576,-0.18199381581690405,1
-1.3362137349452636,-1.120638839018315,0
1.8208475789188692,-0.3380272221773799,0
-2.1124706582062927,1.2466949025676066,0
-0.6539299016785407,1.0990001758851367,1
-0.20192755328566092,1.4121151840969246,0
-1.0273949910909486,1.8856751805862617,0
-0.7801332306872095,0.20417093507362366,0
0.5889985270649261,2.277301780711418,1
-0.4242762974551478,-0.25906555236909784,1
-0.3866804034213567,0.8433548306153751,1
-0.48971615103196325,-0.5120729097905302,1
0.8303572034784925,-0.052448144628067926,1
-1.2503842619601357,-0.45320380370495206,0
0.512592718129938,2.1637513243526483,1
1.0477333756237701,1.3349302484398111,1
-0.36143281422559326,-0.19453130857828074,1
0.32561327679310414,-0.797178473784944,0
-1.7965476776475535,0.6203701284777665,1
-1.7556501839638032,0.43113697250407756,1
-1.1273175871844923,0.9187901812901744,1
0.37070547617865396,-1.6300955643251824,1
0.8706436367905529,-0.24704149112107754,1
1.0460511294471724,0.0023272114001111157,1
2.242797139689519,0.6283446858403046,0
0.8084488626364805,-0.16006425423003828,1
-1.999552121378289,0.13855279104246881,1
-1.1660581449183596,-1.716546038454256,0
-0.04794144619135104,0.5800489435259016,1
0.5090684206195435,0.8965312234132411,0
0.035666496719864334,-0.553080499029561,0
1.2401847299567847,-1.5771570135778057,1
-1.171117275400242,-0.2005751691317827,0
-1.846396656853724,0.4678534751922926,1
-2.281063136476532,1.277139877569742,0
0.862998164991895,1.999036482621145,1
0.8432981354891069,-1.6329351844250017,1
0.15267524149047484,-0.7621379730745172,0
0.5172147988791552,-0.8878546354297473,0
0.704329551028151,1.9767163393877247,1
0.589827504233994,0.6405402737028351,0
0.20613737465876666,-0.7889417362900363,0
0.24183803703093804,-1.550518059125662,1
2.1260082569939662,1.3795983759574484,0
1.5128060674597863,-1.4601601238773807,1
0.5773283749290707,-0.20173587213897584,1
0.24753439723523749,2.400552555932487,1
-0.9673502838307069,-1.994832716774318,0
0.7775246308992936,-0.905366283516775,0
0.7567389832599664,-0.9053007222881032,0
-0.8323241655097333,-2.03888209318459,0
0.4549815707496241,0.4195335180965795,0
1.426592679913813,-1.7089008777071597,1
-0.5970419473562265,0.2541503327528137,0
-1.9256613160044076,0.22362823410368252,1
1.176269913577621,1.4021538078899536,1
-1.0706124842568974,-1.6379737401497985,0
-0.5524104149547964,-2.357703407479198,0
0.3397738882157599,-1.5337373170019544,1
-0.4736480655088712,-0.3734488004338447,1
0.008743902761572506,-0.44634226592006326,0
1.315367007793501,-1.7182077910530462,1
2.0388773293030393,0.20634977593219367,0
0.25106475434561554,-2.6034136205137988,0
2.210022221632252,0.6092681839454838,0
1.4178741023409327,0.6704711049185331,1
-0.8162906922856455,0.9215833546665736,1
0.5929507894182867,-0.2208615851387196,1
-1.2369079396740559,1.731970461168989,0
-0.6638597924302811,0.23007570910612163,0
-0.5611634627417373,-0.7959155044941368,1
-0.01677928472786695,0.3780907164814937,1
-0.759965677758373,0.9614676370269056,1
1.8695644067002815,-0.0012974789385586346,0
1.562967617063671,-1.6026985372655826,1
0.8886378213243653,1.8866186889710366,1
1.0876956876010313,-0.058353996226974715,1
0.11950558738719488,1.3607258988238056,0
-0.34504493936959296,-0.23220366992277572,1
1.3440077348026704,0.6009905207796452,1
1.6304298085645381,-0.40207448369975424,0
2.2067950653297195,-1.1644520713167235,1
0.27430422808655525,-0.8355062874080325,0
-2.2150257405617815,-0.5197700928605866,1
2.129783243811841,1.166989939201652,0
-1.2091413917860743,-0.8082465172342714,0
0.5182308282041085,0.7901203019541978,0
1.239260085832071,1.2026758558000903,1
2.117656489146165,0.48954487519644496,0
-0.09825132917392408,0.6899001710388657,1
-0.8711026547777602,0.9090487900857193,1
-0.14211192584784144,-1.3634557519444384,1
1.9179546368300204,-0.32993398794421175,0
-0.5406913435877584,1.6737324359225791,0
-0.4877875834454249,-0.4206491915709695,1
1.0907448128488975,1.4767710949797095,1
0.46886615462452175,-0.28588110667258587,1
-1.0602218950760975,-1.4640787120350593,0
-2.220467152570079,-1.6018434728585562,1
0.49651721147284805,0.4817481849011933,0
-1.0539989292758523,1.7027357772071985,0
1.147986590090812,-0.8157320928627239,0
0.6715955361664776,2.1184594920779283,1
-1.768206105775224,0.36646416718182256,1
1.2857095245662218,-0.9100279305968105,0
-1.2930284188165102,1.989579758388793,0
-0.9502693426561005,-1.9256129741363548,0
-0.9037504887736015,0.10028299530400848,0
0.6684294698158711,-0.20415837031189227,1
-0.20672507595881495,-1.4323430489359323,1
-1.1284107509718568,-0.9977187400364841,0
0.13335356668585516,-0.6443266889561743,0
2.0046915370133482,0.14669127274014118,0
0.5302697915827497,2.142389833083732,1
-1.5498460144880817,0.622788035230896,1
-0.5132570080325185,-0.7353230002728335,1
-1.246345046470337,-1.0906272877621315,0
-0.49274879356522966,-0.39443155040878863,1
2.1576016965303526,0.45272772968946784,0
1.965415944679488,0.19211945697717858,0
-0.7209901560068732,-2.081989509666223,0
-0.06891195493679059,0.5585215076366823,1
-0.410298667699881,-0.4525715593342834,1
-1.5814596989999734,0.4994590120012914,1
-0.24577477655302746,-2.2473921775149215,0
-0.8473481833050738,-1.9362194780516482,0
1.16747659605436,0.200098969739126,1
-1.015836901388774,1.0709838172781652,1
-2.1801499102663366,-0.6665147859691279,1
-1.4624307580560905,0.7647972778582258,1
2.1502230332486727,0.31492549849934404,0
-1.0027607673689904,-1.6438939803980115,0
1.029038423362467,1.3693491236784614,1
0.8211786449582087,-0.1631631993867292,1
-0.2422172818211299,0.6861889977880796,1
0.5235150560429326,0.26811820469474845,0
0.4134219229526922,0.33082273400494594,0
-2.1515209957815307,-0.6868884828667383,1
-0.18091050723078728,0.11553366608787154,0
-1.0215075793845676,1.7618683234363832,0
-0.4477526897311865,-0.49952701193484456,1
0.6440982824973674,-0.8858709202086925,0
-2.2857093273181253,-1.2350563554614662,1
-1.1038370541636182,0.8798469575167887,1
0.8415648296793965,0.06430844629732502,1
0.061419231420702776,-0.6624179769777094,0
0.4722077483908256,-0.2513561401950258,1
1.0562574543143144,0.11119626682278105,1
-1.0279017610319312,0.8199548244161107,1
1.3326452467492729,-0.7916793706009143,0
0.7851944944391739,2.055739104248611,1
0.18490207925907975,-0.6488049164781532,0
-0.43484795861459025,-0.5481832693025886,1
0.6545786739909372,-0.9263827289587789,0
-2.2158601082537794,-0.8599596853107662,1
-1.4293779109650762,0.8164921050433864,1
-1.3623976360411085,-0.8106586125326406,0
0.32909492754397274,1.1328207679309172,0
0.3463135031838036,1.2567268786454158,0
-1.9905858308237452,0.06220120273112722,1
0.8807534085159409,-0.20474204685967656,1
-2.1515611139268973,1.5010770458170655,0
0.4042979991859348,1.047619402243742,0
-0.5742369140606827,-0.6549982520337043,1
-1.140705089693904,-1.2042917886227498,0
1.5955456652914304,-0.5705680926548884,0
0.243543475397929,1.1287230360102691,0
2.3713374066649133,-1.0829752994146002,1
-0.5164086809282326,-0.7517745736339092,1
1.7428318682436592,-0.2384540204710514,0
2.0806248749498213,0.8089048415460957,0
1.2116739200221098,0.6490757802220386,1
1.6934705569664863,-0.7466764516359331,0
-1.4778322745734556,1.496014595313942,0
-0.9741276331269816,0.06573825601831408,0
-0.15774005749119469,-1.3753066615608418,1
1.2408992345169694,0.4376438380951376,1
-0.29204501218816614,-0.1621187969794442,1
-0.7523404334067635,0.9231439727127104,1
-1.5960070242497884,1.5396057891769392,0
-0.8979339020200514,-1.8144343892189232,0
1.2173867795298172,0.66362168003957,1
1.1651535393424737,-0.9073550239389588,0
1.1379718244059212,1.8105085626040764,1
-0.3189858352051551,0.7787968339873432,1
1.0875137309372844,0.1366380275042312,1
-0.40625475676238454,-2.5399862550488796,0
2.134228940260346,-1.419257638724332,1
0.5529774830032363,-1.8527792644276269,1
0.35904498254863276,0.25611814523938575,0
0.4970429250674114,0.48381394431629654,0
-2.1811008914772048,-1.1510765346576528,1
0.566284765873223,-0.9016150835785711,0
-0.06264711022846686,0.5700661843533718,1
-0.3154144994306145,-1.2663784288654902,1
-0.42232610446149116,-0.2284921942181666,1
-0.4669763190195308,0.8654303115477886,1
-1.144324697973697,1.7930493896852613,0
-1.0692888007786405,-0.1855652841875522,0
0.5704931500608247,0.4722148907258332,0
1.2950395393061869,0.5380491566859197,1
0.02585700442219622,1.5188885557533496,0
-0.9840787718571659,0.03394660036552663,0
0.5612165955122876,-1.7683174124302965,1
-0.8977882655011725,1.789445705975415,0
-0.515452314248389,-0.9917395011904429,1
-0.20811366947012813,0.7191408181092813,1
-0.5807510358039591,0.8767861010270989,1
2.0708957919850777,-0.23066242171729057,0
1.7390807380954978,-0.3198419370556687,0
0.6670155685504878,-0.22109845589331922,1
2.126511351779012,0.5358235431998858,0
-0.26832232310633236,0.8020132507398456,1
-1.5452848500088168,0.5799998918954289,1
0.2933936049825759,2.256415273065118,1
-0.09126712583314177,-2.387445390710139,0
-0.551163794210385,-0.5620486901055259,1
-1.6818265081308899,1.379054476431592,0
0.7719372526698635,-0.8429320873364579,0
-0.39322669584145764,-1.2243594036819136,1
0.35557204451959123,-0.7848836521193575,0
1.1724735077084611,-1.909328704440409,1
0.9874537929589609,-1.0503110002323954,0
-1.853573024712928,1.4043913172557654,0
1.1192161302118089,-1.8406999904307477,1
1.2474464213546534,-1.7417447107381665,1
-1.2778583589172532,-0.6434219621606156,0
0.9330553663771334,0.028780660792196443,1
-1.6822452967183827,1.6040998639250397,0
0.015584287737530515,-1.7349949496990873,1
0.49438250561137886,0.6911443168723655,0
1.2568310412805292,-0.704895434145402,0
1.1329338252945047,1.6396700602644805,1
-1.5323367034871709,0.3564299185477797,1
-0.3090966848316398,-1.457281052867631,1
-1.0436852113089419,-1.7060545569261365,0
1.521369131394204,-1.6013029247294304,1
1.5035392162070875,-0.604241139006369,0
-1.5336769281100116,1.579114258325116,0
0.5612801550444962,2.1808003968243215,1
0.6866544664416381,1.9848756774976264,1
0.0760547259765083,-1.5028356926741655,1
-1.4610196130915483,-1.2349602930942818,0
1.355364444790045,0.4059709352856013,1
-0.10530469767438051,0.7038289688219681,1
-1.406507783548276,1.6569439794980858,0
-0.10717642384874744,0.8015935681679227,1
-1.1862043675039111,-0.8436441009704816,0
-0.4422581803503857,-0.6999151197922414,1
-0.16176615950570442,-1.4975850956227579,1
-2.0217553016057916,-0.43854806882117153,1
0.37986930187709705,2.104727216158403,1
-0.942582660349651,1.8236198434754434,0
-1.2694595712884587,0.654805203667064,1
-1.2625616417575485,-1.0125183625867233,0
-0.47300336796010756,1.751090276031511,0
0.8394212954932838,1.8661784791452667,1
-2.142721051378165,-0.6686979658498362,1
0.25357312642435925,-0.6348455877088072,0
2.08683188730191,-0.04200586209458983,0
-2.1050228934399224,-0.058752195622950774,1
1.4343749940948474,-1.7881177568175557,1
0.4851369867819045,-0.8946247501646277,0
-2.1043327121610216,-0.20145804554136645,1
-0.8005953598899582,0.14938163593908213,0
-1.5073089360386431,1.5904374900094267,0
-1.1680147373366538,1.746213980558884,0
1.231304941011797,0.40439230610053867,1
-1.6990480871604485,0.5711019634798796,1
-0.4197288936094703,-0.6743985074758698,1
-0.3354858250661764,1.6659738589570583,0
-0.270843123293332,0.7954523835361742,1
0.179457451268492,-1.6648437156198876,1
0.02040875712378797,-0.5932692312678183,0
1.1690148165283183,-1.5839198958616174,1
0.9162506367887868,-0.008922261031058483,1
-0.11921219365899222,-1.3737634594013202,1
0.7156834309401098,-0.872018080113851,0
-2.054733117834227,-0.25246988435989903,1
-1.3439616914983552,-0.8054901253721242,0
-0.622178367276134,0.896390825895623,1
0.771879693553193,-0.24812258137381643,1
0.7222334426929643,-0.2316866411340672,1
-0.8877737208925977,0.8034765924687961,1
-2.0777449379697606,-1.483509785254056,1
1.3224962227923278,0.3194497497660303,1
-0.5902358754319641,0.742632880489187,1
-0.2291020021433454,0.696372062490012,1
0.5502113965918489,0.6739929120726696,0
1.0207895483722125,1.3709905904794897,1
-0.5258449296391764,-0.558231759202004,1
0.5713887206036155,0.8303509519663775,0
0.18625853102832993,-0.7043248773537759,0
0.6064734547695085,-0.8891412454771439,0
0.03143020719083291,1.5512881716574962,0
1.2940107934686158,1.1688541084835709,1
-0.3730606593708221,-2.3046875643677156,0
1.1480072900081544,-1.5486946860661075,1
1.4083644364187038,-1.7086047517690401,1
-1.8672775670703736,1.4916442907555625,0
-0.975465289363375,-1.509573705205512,0
1.102525359294763,-0.8997446680911779,0
-1.1615373503333866,-0.2838285861381628,0
0.17290923781270473,-0.6848539577173651,0
1.2891974391280756,0.8464418749440799,1
-1.1409919072196406,-0.07452651449230273,0
0.9734831562464666,-1.7665191713647892,1
0.38648835533944714,-1.6075165559874256,1
-2.1401850465637398,-1.0922622558599382,1
-1.108423472345392,1.792747669183606,0
0.8185928112499894,-1.0030636516438785,0
0.7008162856844452,-0.18657988615748702,1
-0.6622337741988109,-1.919812731744273,0
1.2778342472256725,1.0457806072445526,1
-0.9978920268542665,1.6513815063445538,0
1.448445610202482,0.4407510713587941,1
0.03777367857255695,0.38126936844749354,1
0.5759010345243962,-0.9594914868851531,0
-1.6548154246733906,0.4630237124372876,1
-2.1348507309772202,-0.7546962308700389,1
0.45703343078987363,0.7216595262604674,0
1.1174127249224468,1.4556231347037967,1
-0.36228581491240314,-1.2125637145836436,1
0.7522437429571989,1.8619363162963984,1
-1.4837092197497372,0.5096540155822412,1
1.169382185875446,-0.7876918564862536,0
-0.10420166073070075,0.6415484517831075,1
-1.236389345671619,-0.4039351896765785,0
1.2909016620609106,0.34180105549692047,1
0.410575482963223,0.25415709274440135,0
0.5844719998461463,0.5629184418402561,0
-0.10955743797435266,1.549319682417568,0
-0.11244508116667032,2.6004053355947336,1
0.42526860946477235,-0.8427125910240613,0
-2.0581682646378976,1.2889845237726822,0
0.014531378457172122,-0.7044416955811663,0
1.170142215760407,0.3223913782220574,1
1.081939137627609,0.15883657566294263,1
-1.9905056166847204,-0.09564195645967351,1
-1.9715000724319893,1.5032281229030038,0
1.9244747212713553,-1.5955090579107516,1
-0.019255188274367438,1.4785834011593042,0
-0.9923643808801426,1.5635990747413395,0
1.3630764208817638,-1.6942325221355907,1
0.9727572913809012,-0.8925532003403203,0
0.2015112651196698,1.128152032312964,0
-0.5195457448727031,0.8438214821959218,1
-0.475906800510129,-2.2875829079305645,0
-0.4081058519759564,0.7476514761474384,1
0.17615441423701192,-2.682035833026714,0
0.6463806722835888,-0.2828373565714859,1
0.08471460581965314,-2.453124486210375,0
1.7851828932683116,-0.5344263137501365,0
0.031382151945725,-2.504426492670773,0
0.1996961266409316,1.4237644018820974,0
-0.9996150832975844,1.742978875188646,0
0.3009296885643589,2.487084973027859,1
1.3186434643419007,1.153089955520164,1
0.5226280061795935,-0.25571352659928226,1
0.29153510446504854,-1.7093585383735612,1
1.0339900257776613,1.710156046366604,1
-0.6615586721264296,-2.3710892482045387,0
0.014750740479115006,0.33129125819589583,1
0.5247540927920639,2.2021471857827337,1
0.3496825163500307,1.1800821361133007,0
-1.0701536876507116,0.02726949737052512,0
2.1174204678575475,-1.2995529149583083,1
0.5414339280211756,0.6617938911510808,0
1.68284639545027,-1.642028691897787,1
2.5474215798671045,-1.2943049883816033,1
-0.8522845052890667,1.795707372333471,0
-0.8552717906620952,-1.8522191652263076,0
-1.111365697592019,-1.0919147360035393,0
0.5501070331594481,0.3639745761470011,0
1.4019321970224359,-1.7444734212829183,1
1.2991641180756266,1.178197019067544,1
0.25066769103928727,2.4396839100244563,1
-0.08373558395980979,2.383920835676841,1
-0.8179202945298414,0.11031057439611663,0
1.6866117850703966,-1.4802784984800013,1
0.8099453212715739,-1.6732322507033752,1
0.5527338236616206,0.7665501675318682,0
-1.073274223590251,-1.3757651210073973,0
-1.1591128901616956,-1.0564587059452175,0
-0.10627376856484952,-1.4048070216259079,1
-0.08959397870310211,0.641506374791225,1
-0.6944117765474916,0.843476002455277,1
0.4324253504853313,-0.20632903037035186,1
-0.7725386484467562,0.8072578017595278,1
0.07867550509940198,1.3479516953646173,0
0.2765308535944718,2.4005784089570117,1
1.0889741687393184,-1.6949637593134455,1
0.35322092389917564,1.262551463377066,0
0.31951634634655773,1.2948017259874647,0
-0.439963930256647,-0.6201800280639678,1
0.2650579165238909,-0.692205427663817,0
-0.22866771491459645,-2.4348693134783748,0
-2.1374666180354747,-0.7856999930613507,1
0.5235872848142744,-1.5149680995509256,1
0.5845151790165465,-0.8918675594806936,0
1.6370150809579942,-0.531766441388303,0
0.49755274321658305,-1.7436178435134053,1
0.20990833054776256,1.2863241768093505,0
-0.522693597066392,0.26442399992555415,0
1.1388480884439247,0.11587001345159285,1
-0.565274997277907,-0.900366944025073,1
-1.9564363223993013,-0.22717166042016398,1
0.9057960992886813,1.733182327125144,1
0.6258533545933974,-0.21674241780303302,1
-0.3572035546477528,0.8014750061642053,1
0.07789970900703948,-0.5996649126551461,0
1.9932681137166868,0.2098667547898932,0
-1.2691566150115137,-0.8414370026179971,0
-1.366226467721367,-0.7980486865674196,0
-0.6035434461492049,0.21062722307036913,0
0.07508598046608578,-0.6489455635609382,0
0.4191345449683487,-0.24996911887456805,1
-1.6597752573755404,1.562520375771941,0
1.1163058290300323,1.5875755768988775,1
1.6273348795816476,-1.3519407772298822,1
-0.46063460883870605,0.2066008049197538,0
2.149082879471741,0.28031245736341603,0
1.5299035551117657,-1.6065387474228756,1
1.4578492735440116,-1.6255224248073945,1
0.6669325378113466,1.8974008804804523,1
1.0385798195746132,-1.709564250903775,1
0.16636863351403844,2.558379463719104,1
0.536397706650048,-0.8377844379087643,0
-0.2940937846518364,-1.0636484544096476,1
0.3060872853384384,-0.9084965093702405,0
-1.3170273595166744,0.800944516875705,1
0.4650479062951432,1.1267115650769097,0
-1.0860050873590765,-0.8584500372164687,0
-0.6423718953960947,0.1881078254545922,0
-1.9947739667996953,-0.04403761040211112,1
2.2787139948891375,0.40259414364493085,0
-0.28091916429135,1.698576689030312,0
-1.280957972535935,-1.4324419027647912,0
-1.2885964944965203,-1.1995816533517893,0
1.148172960195122,1.3056214702627602,1
0.5294072105102005,-0.9243209144881257,0
-1.0582608136263416,0.10038338900713421,0
1.9938545290907173,0.43384919541486355,0
0.3814503831592725,-0.9172414115008206,0
-0.3164505427890267,-2.4247220189553946,0
-0.2698681372190482,-1.302109282207748,1
0.10152706870623573,-1.6274948570119727,1
0.9642881474430025,-0.02371711612281784,1
0.03128796376649876,0.3404541284642367,1
-0.2084869937080586,0.6850666912180696,1
-0.3196444856641147,-2.255931701476183,0
-1.117730307938086,-0.2507883744002861,0
-1.5993135603689284,0.5017011210683789,1
1.4480684871048852,0.5287545797746296,1
-0.9585080650432448,0.8970820286814433,1
1.121619134382623,0.10148349804197426,1
-0.6403751773489101,0.253404089367169,0
1.103723280767105,0.10020886759857701,1
1.072554275358617,0.13306931180299075,1
-1.8917850575414052,1.3926835049132547,0
-2.013988048528659,-0.9424141353235065,1
0.42096796984317403,0.3078478889709241,0
0.750503946806597,-0.2914591523616328,1
1.0739387253716683,0.06230621425634137,1
-2.1053664509385794,-1.426459507968517,1
1.0131509771762224,-0.02678914456791972,1
1.056329906992897,-1.7062719089923406,1
-1.266409157407403,-0.579019319596484,0
-0.8104241436856571,0.06270624510314642,0
0.5530329290076639,2.0187358228476513,1
-0.6161410009954312,-0.6484260233826759,1
-0.9947548296475918,0.8837059453021557,1
-0.9627102681303499,0.022697088566236773,0
-1.4111517398519664,-1.150811519167278,0
-0.45507662709815827,-0.34565090837615353,1
-0.8035876712681339,-2.203754334403548,0
-1.249699503553989,-0.7963224503782794,0
-0.7131339420968503,-1.8417947800389756,0
-1.3922570955453262,0.6334237830101638,1
0.7514986857788905,-0.9437320946994313,0
0.4366981078623707,2.2745397887348124,1
-1.354429482944282,-0.8571385466336147,0
0.2467177308593259,1.5087322709698905,0
-1.0158982026331498,0.8651207755880126,1
-1.1934626799416987,-1.1688338043125068,0
-1.1775350436758054,-0.6727464354839824,0
-1.7020110418671468,0.4025658801182323,1
-2.198614888625676,-1.1383838058918505,1
-1.363397482264984,0.5935103578685585,1
0.3838660469414234,0.37192803181673695,0
-0.14611117330899892,-2.3404828354216467,0
-1.019581729422912,0.854043898807741,1
-1.8323321234611214,0.12823415408045502,1
-1.471659127720119,1.6366608820043194,0
0.14884521593321035,-1.6419038045275411,1
-1.314148385198217,-0.5083684801012168,0
0.7808226053526832,2.162379860467905,1
-0.05555668102704725,0.5518309390955142,1
1.2173210508811065,1.2093211469512544,1
-0.5113477780583051,-0.7734588306865484,1
1.1107125834216574,0.731314295540389,1
0.7309753162078676,2.048359321402703,1
0.8719940550036649,-0.1685326140121767,1
2.1398294238827273,0.05672019587524009,0
1.0764402700592823,-1.6676830462989425,1
-0.7087403813345242,0.20539475543509378,0
1.4109213500747624,-0.5216194073037442,0
-0.6356020093668338,0.7255667072601975,1
-0.5488379341100417,-2.207266397604386,0
0.26088978232327503,-1.5564763757583349,1
2.058993642315821,0.0073651647770436495,0
1.2324284476333236,1.2532690156091304,1
1.3823283691276989,-0.8174508760588274,0
1.9967238990097265,1.30215475391382,0
2.3225420868793956,0.6115605009472773,0
1.074138129628398,0.0548499801931484,1
-2.1352526938320637,-0.4409874567977935,1
-2.271135573909491,-1.1394533552981276,1
-0.5844688947310175,0.7017953870661692,1
0.416678491022803,-0.8522781600402936,0
-1.210922147010041,-0.6709065024565182,0
-0.6375867048732389,0.8981506182072984,1
-0.5988090605656555,-0.6289101734036125,1
-0.14606106181761433,2.524223252826554,1
0.5840489367900343,-0.9088639673053864,0
0.20595660422473647,-0.7241299493894321,0
-0.44577440198612367,-0.9872966001230428,1
0.5422129726568179,-0.8616896482515292,0
-0.009295094117650372,-0.509517264055454,0
-1.237794487161906,-1.119185027686682,0
0.9430082956580783,-0.13372008426831117,1
-1.4149544461767536,-0.7412209936301577,0
2.2369676437235744,0.4948542221777456,0
-0.991381695642271,0.8585580178524683,1
-0.2563506226775854,0.7586287301679892,1
0.03072359850574483,-0.5989354705853357,0
0.29897889952480944,0.9962197984580579,0
1.0136455270410438,0.02198444689885256,1
-1.983466754496398,-0.021514989636173015,1
1.037562599614858,-0.01471176839804873,1
-0.37344078521796653,0.8282390701363882,1
1.4757181526484326,-0.7444446944335721,0
-1.2668027666547892,1.602287305631101,0
0.3642845068409479,2.3719715338687597,1
0.8616014883164319,-0.1313949688614115,1
0.40460712038840435,0.25314360197978364,0
0.5037227756904729,0.5434822169950594,0
0.756793359658695,-0.746430901993191,0
1.0007535503536151,0.12319911596258687,1
1.247132571695912,0.6945320905592646,1
-0.07799365434042457,0.6364227492880103,1
-0.15953937376643976,0.660600791625632,1
1.7515773714274854,-1.585633480534498,1
1.462613392209538,-0.5326635151700617,0
0.29994469459802486,2.333934737116087,1
-0.015251415558602328,0.5005845202421288,1
-0.08734578848677167,0.5417104692608632,1
0.40898696178171934,-0.7543045848210361,0
-0.7251014991408036,0.1353646684441869,0
-0.6913924956879752,0.10038440243000528,0
-1.9404459501704707,0.14133157796082935,1
-2.2175819626861997,-1.0627703167057108,1
0.7325416975085646,2.1373180892773167,1
1.368859598715948,0.65827840528202,1
0.36793303665655624,-1.6692475202411594,1
-0.8019120135414333,0.025702208048649106,0
0.5063652020525419,0.7622970841927814,0
1.7047438297095185,-1.4621183879635797,1
0.7729963942551139,-0.16155633585576865,1
0.9557344796423358,0.10137092044631019,1
-2.0943819811408004,-0.48289454023540773,1
-2.1193825974783,-0.36149421754562944,1
2.296906905475531,0.24500997808104324,0
0.4873728040661368,0.4607969751884499,0
-2.2287565603192867,-0.1723584591548013,1
0.17347364229870574,-0.9027327026500072,0
1.3825931903266848,0.9967148629667961,1
-0.7332436181843449,0.05314146402268785,0
-0.7191129641123304,1.7060940797785316,0
1.817928780783411,-0.34320353632112255,0
-0.9866701428742596,0.7931073976653074,1
0.19992485884448327,-0.6685853153278991,0
0.4738078845378373,0.363200246977346,0
0.4409185549824188,0.44049167740275824,0
-1.4833882685732378,0.5158689096505332,1
-0.3182816712379825,1.904252174495686,0
0.7510840433050422,-0.12175234227557792,1
1.6941395941897337,-0.1963024014388691,0
0.34523114286584206,1.2804899834956454,0
-1.67040331758693,0.575779653745879,1
-1.7843218211525962,0.46002318244673274,1
-0.023040307360583084,-0.655531088762138,0
-1.1727976877992048,0.18468118495969554,0
-1.8874536225208576,0.5202407872757062,1
-0.8304459858997689,0.1063300015918123,0
-0.6398265751550023,-2.083266465538107,0
0.9129041487295356,-0.7172203987848076,0
2.23260216474708,0.7548147358669025,0
-0.6845959376517732,-2.1354522907685123,0
0.832229582918407,-0.04447906592513757,1
1.0573828388063127,1.1306519948878615,1
1.3572439219855115,-1.8807623355916485,1
1.208869915497625,0.6039448137959846,1
-0.5168268972650294,0.9017615515157235,1
0.5457576372719144,0.7799656976802118,0
-0.3719572524082665,-0.42229712628118954,1
2.268387945991934,0.9670853305297594,0
-0.5408906054495402,0.7913614055554219,1
0.47008848241906726,0.3423004661846918,0
0.5079600346470081,-1.799617342373819,1
0.3400598280602019,1.026733156402771,0
-0.2116142046301207,0.6705720539514388,1
0.4368143909356959,-0.13147867018527648,1
-0.5712144484638906,1.76639976703452,0
0.03527403719612452,1.4646292104417917,0
-1.0706715057182121,-0.26810119465477517,0
-1.9553522333297384,0.2703957060073773,1
-0.48880696930980744,-0.6294052430757653,1
0.9049891609507847,-0.04038635268051418,1
0.4565594390534566,0.9599739736747195,0
-0.8147005248978804,1.7429351896550342,0
0.6239525032657923,-0.8875930606149615,0
2.025837791450901,0.12330132191699905,0
1.7773086619290388,-1.442092189574887,1
0.5357635013228749,-0.24926641529123714,1
0.4195175097931218,0.5478033082090049,0
0.08107524663225654,-0.5470818585237534,0
-1.028191664301579,-0.13577964013863092,0
2.1976045333015617,1.2226972056177539,0
0.3636798636358607,-0.8560332008618895,0
-0.567011356914697,0.8133815060547609,1
-0.07351975605283544,1.6304601451316016,0
-0.5154657893724114,0.9227614271927607,1
-1.3657621310671686,0.8770032943665708,1
-0.6789760785115311,1.6921290297358489,0
-1.1139693686928205,-0.11364004206452018,0
0.3685698012571395,-0.20863755869936543,1
2.074319921593247,-0.009870588113169675,0
0.6152906100063276,-0.2934152048616795,1
-0.8533890228425691,1.5923892754496658,0
-0.6045776510109647,-0.48520771964452863,1
-0.9665842030994852,-1.6818742156903104,0
-0.663083378959135,1.6880492426752938,0
2.0603433344521003,-0.026056563090671735,0
-0.2405589269928695,1.6897802830524862,0
-0.8346851868449691,0.9170738941646739,1
-1.6695384212703328,0.2947724465471632,1
1.3619955403305315,-0.6411256242984139,0
-0.6886689634674371,-2.0500891735097695,0
1.0235740320543252,1.7128912096660447,1
1.2383580586891987,0.8492846334017264,1
-0.02579937794666431,1.465351795657643,0
0.3926830586045679,-0.7827383251109757,0
0.6768417188035695,-0.2466492000025035,1
-2.036331534916556,0.24774936364222083,1
0.6563687521236569,-0.8422065376461065,0
0.27355312192229203,1.2714160731557087,0
2.2108655284548924,0.44641546424272854,0
-1.0777858088657104,-1.6671610571115658,0
-1.8090474973248079,0.24552793374857484,1
1.37903307795871,0.9471434889707983,1
-0.7662297664656464,0.8756786885379323,1
-1.3434776660283045,1.6362618117894587,0
0.3749903219599386,0.7882925352236394,0
-1.9822045686137488,1.3313706020339027,0
-1.9354676667054114,-0.06677430571374213,1
-1.1594538265954275,-1.2693154701644993,0
-1.2504181280050206,-0.5149963785033734,0
0.4760590321134557,0.7107347884191402,0
-2.018121192539218,-0.18765357662674023,1
-0.8473408881816487,1.7170655267098152,0
0.1495121941254302,-2.4707127230799193,0
1.2537681196191945,-0.6168019090516954,0
0.32259481003344603,1.1985894124799308,0
-0.7513006466239145,0.22738658153573754,0
2.0221713284940686,-0.13207356273718696,0
0.0926269243611742,-1.6225157578995757,1
-2.2091775992152662,-1.2082701004389174,1
-0.3690422241201181,-0.25531684968694773,1
1.2297466860000474,0.3547695335389763,1
-2.4216007781740614,1.1232540123991053,0
0.9027263539973716,1.7338160072561788,1
0.4338228017451669,1.014185025444654,0
0.47194039537158466,-0.836591018045363,0
-1.1786205376667138,-0.7961979140042218,0
0.6339478112415214,-0.30690573288712675,1
-1.0896739737649628,-1.7426519657046853,0
-1.8881208426597598,0.08210710990480798,1
-2.2304676363867126,-1.2803776086211283,1
-0.4894925331403988,-0.3334387540324364,1
-0.3955664253916447,-0.8937602012408956,1
1.4207648600509015,0.8597720416971821,1
-1.1957755735227695,-1.207452632905466,0
-0.09867355424378783,0.5564144329024234,1
-0.8059271442941438,0.040885086418404014,0
-2.1119236610796532,1.1493466519105529,0
-0.37772782028715896,-0.1550160685190489,1
-1.134168477353342,-1.490425961149303,0
-1.24988860554577,-0.39287451612778196,0
0.24525580827475796,1.2696822882492254,0
-1.1778596625207196,-1.2721080544970687,0
0.33458030362094826,1.1280748812121018,0
0.5430210184253679,0.8999356227709505,0
0.42896405352688516,0.2693114022060234,0
1.3281281297631395,-1.6770161631909755,1
-0.9123716929977871,0.7952014210935848,1
0.532202801763567,-0.8530125350102782,0
-0.4747771198551002,-2.3746412066354887,0
-1.9118556109382174,1.4060172501947255,0
0.3423639247208188,2.552893637015221,1
-0.5403278338197541,-0.39007425605658236,1
-0.21192669112190768,0.8251810968476189,1
-0.8117881886863988,0.8169723791184113,1
0.49126706158646205,-0.2846307730733893,1
-0.41095444175183304,1.784959936833278,0
-1.2370534260238155,1.7252347967314894,0
-1.464993832597187,1.4953160535828698,0
1.45157619947314,0.7925075691738397,1
0.6140249159205529,2.146121649795774,1
-0.10631486155877402,-2.4784625500998163,0
1.9997032022012518,-0.21734115202925192,0
-1.0371452642444208,-0.09041866732245626,0
0.4884074700356679,0.3188479256983705,0
-1.6981247544145113,0.22738745080379183,1
0.8108753045195268,-0.9488299289872995,0
-0.40001087716896877,-1.1564418068110294,1
-1.340863748188713,0.8210636107323249,1
-0.9365729300928074,0.17595468875862913,0
-0.8693886179764612,0.9583270358606444,1
0.5722127778446886,-1.6725914919643092,1
-0.972600191882497,-1.843285445580709,0
0.9440437152730203,1.475895340694229,1
0.6352185744760965,-0.20788311405418708,1
-0.9499233818115004,0.02561823329649286,0
0.4752352105958841,-1.6499858556826237,1
-0.009302002898671677,0.4593795820321464,1
-2.298166771445464,-1.0554519560245879,1
1.1562540553244456,0.2620084295277854,1
-1.997237823153574,-0.4521167543560135,1
0.23402659865029096,1.3332650452408006,0
0.6512048508720002,2.0440707989607336,1
-1.7395097265664288,1.6075210522018473,0
0.09046353176216476,1.498447777563924,0
-0.5004039941467833,-0.8456217473542484,1
1.0886294189947354,0.14014989202336134,1
-1.0064939859591377,1.712358000584263,0
1.354388328055678,-1.5870830522121424,1
2.1327116829216983,0.549077504192454,0
1.4679490154175863,-0.6428743768520566,0
-2.1942469311468518,-0.8773845274108277,1
0.5795490158666645,0.3251823016798373,0
-1.4832971214093067,0.7741743397452427,1
-0.3403365316278091,-2.3807552390187934,0
-1.1705749459328303,1.7797720403611357,0
1.1604481966929874,1.5001189838546831,1
-0.9426822775543067,1.0302244571862296,1
-1.29577031460013,-0.9968693051656169,0
-0.5475568856142915,-0.9005045759289159,1
-2.3342096198573246,1.1000387149139228,0
1.0833402599924289,-1.8830098253245786,1
-1.4157597579525512,0.5565920481616448,1
1.1962997015779246,1.2878768397811986,1
0.2725084873106356,-0.6694422212266654,0
-0.400227635213679,0.7710275843722932,1
-1.0625562277625367,0.03662549091098559,0
-1.004147616842187,1.766302922344873,0
2.1692478234349353,0.8925071804808484,0
0.3098070831079264,1.2797843261568413,0
1.1805195522238636,1.5731531514050474,1
0.15564214231521617,-0.8056193973100644,0
0.42772866395576337,-0.8142572370382891,0
2.227508186705476,0.7855237727332789,0
-1.0817373365207925,1.7907641318786258,0
0.5363170904670551,0.7608667354343785,0
0.8990886767779722,-0.030836656692106244,1
-1.1721927377024146,-0.12034826622321951,0
-0.889875894165434,0.8167079484617246,1
-0.6504306577667252,1.6420212834911925,0
0.497758708862183,0.7502184841365104,0
2.187514019311138,0.19099809442443724,0
-0.3384867289049448,-1.2798153601393834,1
0.7991596355991392,-0.2741791682101817,1
-1.1827363779213806,-1.0813461976839074,0
1.144297874917106,-1.8279859375944405,1
-0.5581682190679159,-0.7114140321029567,1
0.27915682806535,0.18369336493326854,0
-2.0427607080866714,-0.2972048147727463,1
-1.6027202298720666,1.6509664035959333,0
-2.165368248293152,0.9811164065166583,0
-0.04558596276919034,0.5994812618005927,1
0.22014733951104043,2.402703726921346,1
-2.2946199042060513,-0.4338017276737165,1
0.3879130623005701,1.2008104231884893,0
-1.49530526751055,0.6149783471689063,1
-0.9169001417206689,-1.7336556078042624,0
0.10757335885292298,-1.4314864371669505,1
1.3671833048475694,-0.7484840121938389,0
0.20242774740658162,1.1852510236230525,0
0.5349632063047675,0.3836424866210615,0
-0.5357431698812721,0.21631244892763463,0
-0.1411239064615848,0.6097582297993248,1
0.4162600943752104,-1.5980273494713038,1
-0.03211660438960119,-1.3514064291110925,1
0.494769624734836,1.0659701205736507,0
0.6972784364422653,-0.2201120109311417,1
0.7625303978980891,-0.1992274135104429,1
-0.9679649921169295,1.6794533026726475,0
1.4155025034990847,-1.715315488641358,1
0.7639335610158378,-1.6773928453861533,1
0.7104957818825749,-0.1500783974733875,1
2.1503354875364002,0.5924874058138475,0
-1.593053021226375,1.6156990181999802,0
0.7053536910354118,1.9318354569790879,1
0.10235901179436503,1.4988671269698983,0
0.503490393618189,0.32135833242692735,0
0.26598272737609446,1.227479153338488,0
-0.6977803197560235,0.8012929485875353,1
-1.0486518560767213,-0.05403537026828509,0
-0.634424170297271,0.9561961528899086,1
0.3670231238746912,1.1890181043561645,0
0.5741848463409589,0.6465912107830938,0
0.5161317184755035,0.7717935788883179,0
-0.42317117388925896,-1.06495459389778,1
-0.5998573352726323,-2.1512717011963414,0
1.154976232222566,1.6927577911672416,1
-0.4644884657133968,1.7778583600780695,0
-0.8046699035155224,1.6737307116356062,0
-0.14499996283808392,-1.288431423986635,1
0.6075399613514352,-0.2817480921931745,1
-1.2339833318521312,-1.4213136446129406,0
-0.12862844663261386,-1.4537400545427963,1
0.9913414731929856,-0.9769740095405054,0
-2.0895233016067145,1.4387411247958977,0
0.11482059627175878,1.239590899480246,0
0.20626315178405574,-1.6068497974361673,1
-1.2539308580596238,-0.3670511484573583,0
-0.7992073303860111,0.08216412726264669,0
-1.306735281526866,-0.7633916359261695,0
1.1120169882691204,-1.7506455824122515,1
1.193645556752566,0.23889590057369545,1
-0.9060147820971448,-1.9866850524391417,0
-1.6063098739779131,0.530833679938768,1
0.46725152316996676,0.5691380030281722,0
-0.8837114635207586,-0.06923739695059161,0
0.41053149945900547,0.33421849631623296,0
0.37191866443674343,-0.8298048637670048,0
0.5534853783180848,-0.8307191294564014,0
-1.2229542804120304,-0.3217000360079319,0
-0.557855332403712,-1.0320073733821458,1
-0.5279487357971415,-0.9826261480960405,1
-0.8487635717572715,-2.160397392208184,0
-0.42790212361032276,-1.18033781157949,1
-0.6936347944662573,0.9221450884640086,1
-0.14273116514202341,0.6286116277845659,1
0.3803778158089901,1.2146287149108626,0
1.0494577181546878,-0.7691701253958994,0
1.220696902166862,0.2799410013786257,1
0.8408072465675434,-1.5362380647337361,1
1.256906140776052,0.44253568629545903,1
0.22945882047361318,-0.6578033409306291,0
1.1080769506096702,-0.920440248059732,0
1.133878555538752,-0.11207052057173159,1
-1.3461431276296814,-1.2839576820327827,0
1.5232304317258523,-0.5365838726657013,0
1.6861264661022703,-0.5710160198350674,0
1.897467826214896,-0.18888880731323518,0
0.3521916974710846,1.210903097503971,0
0.38797096378327967,2.2562589033245195,1
0.15879080371971474,1.3886264587673858,0
1.0185110099253276,-0.06627179615652322,1
-2.01547701863301,-0.37643695402814514,1
0.740314047400435,-0.7184174217255075,0
1.1807103447917817,0.037416789892835756,1
0.7656883824859234,-1.7518755437664435,1
0.3736309476567645,2.4222904272269834,1
1.1146516264238426,1.3288720116717023,1
1.218713569454434,0.5359464771320613,1
2.279869735897613,0.9856190925111815,0
1.9753057576452207,1.9623787869379208,0
1.0907614637568028,-0.1393569553726687,1
1.2000764673474522,-0.7831854665763244,0
-0.7717745484706703,0.17159548498499286,0
1.6864233356636158,-0.39292682655301114,0
1.0192599085524772,0.05927336831778643,1
2.03630283769153,1.4082164333037945,0
-1.2912481960899296,-0.41307176016750047,0
-0.1250469810015002,1.6174310303863375,0
0.013542115828558706,0.5548992867644027,1
-1.138230322151847,1.7120336233434774,0
0.833402465967046,-0.01069467289883455,1
0.5587995251760649,0.6785991026652669,0
-1.8525670309152367,0.10823174204826883,1
0.12329284925308337,-0.6077712514966,0
2.05046596808033,-1.2563508962945893,1
0.302392819578317,-0.16493422216032014,1
-1.9360719938389808,1.3863781263055688,0
2.1490620085671703,0.4480396383889949,0
1.5308251256550993,-0.5427790518188169,0
1.7532051093818872,-1.5083407426544135,1
2.2633041894499137,0.6177789822842322,0
0.7218848328209729,-1.5093961399333047,1
-0.4986843701214243,-0.41463897637404934,1
0.9758634423224786,-1.5962628664147005,1
-0.6024404033001999,-2.1272025591041785,0
-2.3354529881107546,-1.2065018991645684,1
0.4759749349419973,0.7926700931732936,0
-1.2409528917118762,-0.16187868964579025,0
1.3188279821612263,0.9190942687911369,1
-0.8125952724715184,0.8395749344894939,1
0.4676558322398429,0.26198011754088046,0
2.278904942074182,0.999658448050108,0
1.3376562577124227,-1.589260279614956,1
-0.0821740290744967,0.6744579295683546,1
-0.048958623643336745,0.6504775251654689,1
-2.095241558619049,-0.3650009395080414,1
0.3792838206996707,-1.5974245682266899,1
0.40158425508906953,1.2564314408081565,0
0.9093494955855352,-0.10793547798895341,1
-1.2064607319024283,-1.4709109543443672,0
-0.4230509795450964,-0.5188643147060917,1
-0.0362712712637352,-0.4363446399748266,0
-1.300206602912691,-0.28914761054135146,0
-2.2589089443389927,-0.8488583892200523,1
1.0007871111434377,-0.1050031948587056,1
-0.4514375750335893,0.20559250698040207,0
-0.144816495794867,-1.2149841780983508,1
0.7192980701959206,2.056007040172969,1
-2.281639923954515,-0.5533743218140229,1
1.0253944461700009,1.531560894762109,1
-1.9405007753597823,-0.4316110041976206,1
1.3885031985417615,-0.6576436084638266,0
0.40109338310775033,0.7563386475118657,0
-0.20220120207061495,0.5098773819397794,1
0.05225887212606579,1.4837340487450674,0
-1.3994573081634956,0.7559790337624354,1
-0.355217241164418,1.6662365824533623,0
1.1424267579722536,0.21290312292984395,1
-1.0480496838344493,-0.06403884009637181,0
2.131315963422581,-0.034875833579132307,0
2.1916196943082644,1.3541109284017196,0
2.0904241037482643,0.40363761024997596,0
2.367730300587754,-1.0006135902933444,1
-0.7409723101488438,-2.04684367481945,0
-0.5696253133709361,-0.45832106428413383,1
2.3021338028176785,0.13368561982268237,0
-1.2597756935851563,1.6336057807016002,0
-0.05837319474132403,1.4872466210104847,0
1.1672332948887225,1.1872634468481489,1
-0.8537993565482523,0.13061580662957167,0
-2.2003985465429916,-0.8502459235740011,1
-0.5021319480560579,0.866000130916589,1
1.2025459299016457,1.1630996905412636,1
-1.0182245282845317,0.19533044611645314,0
0.5545565993975277,-1.502283502141887,1
0.35531720921426013,-0.6973009899645871,0
-1.127074498941939,-0.20940102312128014,0
1.2656427595632824,0.645811882793694,1
-2.158737585032023,-0.6307056061874462,1
-0.8492132353653047,-2.017084820143038,0
0.3457206416776163,1.4034530537815686,0
-2.0516296199328234,-0.21963220206920325,1
0.7465789543498733,-0.916021181306136,0
-0.4359450272063637,0.24179604715921613,0
-1.4669560887758863,0.7140194627096514,1
-1.4869733484855823,0.4933724670326349,1
-1.3898081976949137,1.7396481600926992,0
-0.4972669783478895,-0.5343628243600791,1
-1.5378965203314512,1.664050832151473,0
0.3476741259263441,-0.8454090844637802,0
-2.232532582295575,-0.687704476315421,1
-1.8879493263224283,0.14016338415893376,1
1.8070892522756894,-0.34490272434651886,0
0.37511468241000256,2.2712231271452024,1
0.5106609033963868,2.1277482833134322,1
-0.48729854908568,-0.4734957897433312,1
-0.40412958592767595,0.9242529203156854,1
-0.5642395634547828,1.7584672563537722,0
-0.4534044422676086,-2.3225803039029533,0
0.18544403645280688,2.4154355882730116,1
-0.5101276886179708,0.20899803016662813,0
-0.9633792817304108,0.894890440990385,1
-0.6925776194598806,0.21622606185037696,0
-1.3379228056836403,-0.392208434590605,0
-0.8612549012230191,0.9680433110431643,1
0.8544214017997062,-1.761767124658638,1
0.4624863487710635,-0.7028547576739604,0
0.027081465511489187,-0.5368888991033124,0
2.29017510831446,1.0969621853872888,0
-0.19113079543739367,0.8604074272796918,1
-1.0239398939822844,-1.6371124766300305,0
-0.06821000605555047,1.4038860048039286,0
0.48820047702769404,0.367145613124943,0
-0.47589944848534294,-0.8344425693981095,1
0.7850346881657745,-1.5678758373167136,1
-0.573837708967118,0.17319970323973438,0
-0.3497153395392493,-2.185118922958952,0
0.05638155352715904,-0.5268003063473883,0
1.009514535357612,0.004432692438634608,1
0.35961926028926433,-0.6585269146036872,0
0.5374406947313694,0.9843961479321964,0
0.36826180518057106,-0.8222588733959505,0
-1.4272511473828169,1.4998981501244917,0
0.3935930687254796,2.105541304363734,1
1.2127543390471123,-0.745333249235141,0
0.14276972932796816,-0.7204579958764619,0
-1.6738660147010702,0.2240804701787536,1
-0.879799457257608,0.2044905902133764,0
-1.7724659666685325,0.42557458688454897,1
0.3721199533340684,-1.661588379770868,1
0.38471260349234787,0.5107938991939761,0
-1.301056705826694,-0.5184151625015234,0
-2.263338686929458,-1.3845394232757287,1
-0.008161867457607446,1.3963965075508549,0
0.4932877120757912,-0.9321872282106177,0
-2.1673300050341417,-0.6743314302266795,1
0.16855633694214747,-0.6136808831294526,0
1.9316264495759214,-0.1314165288970263,0
1.295927614805271,-1.6652635860780245,1
-2.1253618299820847,-1.0719398431149072,1
-0.4175944381054419,-0.23384713244457997,1
-0.7401630426604157,-1.9532696990290335,0
0.12694308076332353,-1.511462224041182,1
-0.3131081619542859,-2.40880666431995,0
-0.43598077838144556,-0.8741754815947703,1
0.7398053309164957,-0.8820912523396369,0
-1.2652871112235151,1.4605962431724424,0
0.4582807669167243,2.275263229924121,1
0.20216572015817813,-2.569116483713751,0
1.924765398078677,0.16602781589898796,0
0.23630441295481336,-0.7947376202271232,0
0.5864170024247275,0.6707867834194391,0
-1.2290163776886134,0.795976518255064,1
0.9850464737444837,1.9029021302690448,1
-1.5257012494401212,1.7695727757469673,0
-0.8048747043481166,0.09244785266898504,0
1.2666377584885757,0.6288022760693935,1
1.1642212931782498,0.058002129744957685,1
0.9372915659387675,1.8744362195046973,1
0.9347769481638124,-0.11307576543934582,1
-1.2575021964363833,-0.3145572260361535,0
-0.9141445690019023,0.9045222010248881,1
1.478042584197243,-0.5050046493258633,0
-0.5591029329459436,-0.4253812493188496,1
0.7537831994995553,2.0871209283503833,1
-1.8637069154116832,1.4496900557498862,0
-0.24487545295710697,-1.180028735643016,1
0.8691571376016693,1.8996458653482378,1
-0.6017115828113824,-2.1715062903714943,0
2.1774534799476144,0.8789165354347562,0
-1.12673689881356,-1.7600789952224194,0
-1.4908182539427726,0.5979034590043935,1
-0.10336043122560773,-1.2789647473293388,1
-0.6781864954600626,0.22668566681781374,0
0.021211280782712432,1.5459514896768374,0
-0.5644737178305442,0.1758803226410277,0
-0.5435596263949198,0.19414513794601504,0
0.2602383092615677,1.3814268767298974,0
-1.4440967588981501,0.8135567870628366,1
-0.36425713922731934,-1.283021039326199,1
0.4239814319176429,0.26692933690269555,0
-0.43755909633308115,-1.0140759837144384,1
1.1756805976458897,0.18923689342880853,1
0.9838727291864977,-1.8804730686268887,1
-1.2149987864266683,-0.2919121829155833,0
-1.363668000881625,1.6999011692796908,0
0.5312845758397007,-1.8539341190974334,1
-0.1201021348564685,-2.2678207757561677,0
-0.34695126403712834,-0.23836793977700632,1
0.18520238140357392,1.1826996685520486,0
-1.1471461015044477,0.8043952334360414,1
0.9996096481399105,-0.8809182298741622,0
-1.044024111786723,-1.5739998004679507,0
-0.31930518389435336,-1.2281736424590464,1
1.2425475071657253,0.21248160929241816,1
0.7490631988525349,-0.21916459191883927,1
1.1564627446968034,-0.9434718668571589,0
-1.4482211584729032,0.5456830278944861,1
0.5676349297286368,-1.6908437903380855,1
1.3036406435961634,0.7742501311824893,1
1.8573300423486867,-0.0703049759901053,0
0.35691794979652686,0.9650080539135626,0
-0.04997425008787286,-1.5204072669245758,1
0.1710045225454812,-0.6708313147411723,0
-2.0528961626634845,0.33009892163290283,1
0.34218509794378876,1.2892327030243917,0
-1.2171447755915974,-0.5786057454557569,0
-0.02738195788394863,1.4878508299516882,0
-0.19103515043684896,0.6609245069434574,1
-0.41567294742439204,-2.4053204711320286,0
1.3603786680478918,0.36671774992079603,1
0.5596594337332921,-0.22725793247432494,1
-0.535507161065975,1.632751045004268,0
-0.7231683618262332,-1.8176567289225731,0
-1.219354722096265,1.8063167029990495,0
-1.294201758350144,-0.8990171016561268,0
-1.4059367327113934,-0.9155892761795349,0
-0.6988402134395167,1.6965209243941484,0
-2.009681422105409,1.5109345776303875,0
-0.8425237795018754,0.06198261983805655,0
0.86360601149271,-0.02159697530676496,1
-0.4184509641815133,0.7394318284009445,1
-0.048139362787793856,1.5872786380878574,0
-2.159481461628248,0.2517565551071909,1
0.5185525988449621,0.6884251895082601,0
-0.5929595390718576,0.9653920046876006,1
1.225292019010341,1.1404401760390332,1
1.6436927729926383,-0.764722360596592,0
0.28228480032499964,1.4707099512079969,0
-0.012410194622502063,1.4815286313157523,0
0.9727686824919236,1.6426373025005843,1
-0.7261631805067087,0.16411704584318887,0
-0.4898080699648637,-0.26624213011352654,1
0.6756832471593592,-0.7437105627373539,0
-1.2899360417152517,-1.147833233602684,0
1.784355353757079,-1.6588514439335642,1
0.8053771471850749,-0.15974885681040174,1
0.34854666478831337,-0.7415606106554897,0
-0.6598216580748618,-0.7535441417158758,1
0.9748851036667994,-0.7793840882501643,0
-0.32230543770139436,0.6154921664391465,1
-0.04677169428240457,-0.4090246788234259,0
0.8570620901150241,-0.14312263688980695,1
1.8250453193630216,-1.5911891758640553,1
0.02165422216268171,-1.5412748389357194,1
-2.1266968624770426,-0.22858409886907435,1
1.1459012501243289,0.6939458128198848,1
-1.0231805770636695,-0.22757784558668337,0
-1.1187912557586002,1.5548326343180592,0
-1.251857095908172,-0.3143832663223168,0
-1.6064209307089836,0.49795505776337184,1
-1.8463926703525995,0.07446125549033791,1
-0.4467987427021123,-2.277683630810358,0
0.19563601957878507,-1.5662272428174522,1
-2.081909851308432,-0.556232091999496,1
0.45403487694267136,-2.7899964241447255,0
0.03833243609062831,-1.1688284876929098,1
-0.7567098661619774,0.30364091164317225,0
-0.41067879459545487,-1.1284305610520422,1
-1.8890367381235749,0.3148825467558281,1
1.3093609666930839,-0.5504621223099463,0
1.0322059364166711,-1.6999152868986054,1
-0.17227377027191138,1.5221312364098263,0
1.4691493917664793,-1.4858906959877354,1
-0.9838904397280677,-0.12706840083473597,0
0.48044417301603504,-1.733346996810521,1
-0.4094451917932186,-0.7691587112844454,1
-1.2524014180764556,1.7649289631670524,0
-0.5149633223719482,-0.8086097862246403,1
0.08025889946367733,-0.6250378111893714,0
1.3066628528129411,1.328769034385743,1
0.06983652238110159,-0.6924719545811825,0
-1.377216438585552,-0.42986823582836037,0
-0.9714452238470231,-0.06809876174680606,0
0.47516679661026573,0.9359644919875945,0
-0.797738838284933,1.5408159896900695,0
0.8684737296143239,-0.8826276176526433,0
0.5495544597104255,0.6857072576013699,0
1.289528662254174,0.8390293084950977,1
0.02328920353499222,-0.5259906516198606,0
-0.16462182042225806,0.7166817570833608,1
0.4499648157460378,0.7871163505376464,0
-1.2216403011158494,-0.37999622290414564,0
0.6090782510017144,-1.5712183932425492,1
-0.36610601705493684,-0.23575590998592164,1
1.241723785976101,0.7685126770911537,1
-0.8793845576753603,-1.805736128268006,0
-0.9097665982157858,0.1092371124508744,0
-1.3524279588396078,-0.9858666468439372,0
0.7639810846953892,-0.08378253662428932,1
-0.5998633486829994,1.6362380946175452,0
1.1131907195066628,1.4545324500235204,1
-1.618687719421469,0.5561703449778067,1
-0.9331378305661383,-1.5340382217013033,0
2.235546815050814,1.4973876265477686,0
1.3442474952250092,-1.6630303780187494,1
-1.386115745314258,0.7933241355492863,1
1.2045627017856595,0.35027893046658404,1
-1.1535362373516573,0.8216732190985403,1
-1.0302734589536295,-1.7794972636514603,0
1.7084878834749766,-1.5500128296800557,1
0.4890537837951456,-1.7815250264843996,1
-0.8594183746092033,0.9918057659773141,1
-0.43534250499798455,0.23043355451658679,0
0.07626585307316598,1.4821682508834624,0
-1.2962585510039188,-0.792323197270858,0
0.510546104246078,-0.27148021900700203,1
1.248502633965584,-1.5102037179884025,1
-0.9664162058902604,0.7440188133543486,1
0.9588494186940039,0.01761786886977394,1
-0.9037126569089702,0.9640972939518522,1
0.3276840441117195,1.373182481988958,0
0.18986801817519294,1.4285205218941865,0
1.1485380589634726,0.10473263460302515,1
-1.6350315412982221,0.4940509543429378,1
1.3564265564096127,0.6319253301863536,1
-0.852255997185723,0.01785180619302823,0
0.23604106615705836,-0.767226587577897,0
-0.5030924388780651,-0.4474426218632032,1
1.681460430465735,-1.629268121301908,1
0.10242500464027877,1.412475969776694,0
-0.5955753335093487,-0.5906921799915006,1
1.6289115447185478,-1.6223141064748021,1
0.4917021086647172,0.5251189993706843,0
-0.293801477959892,-1.2081629366122233,1
-1.6942298052966873,0.5146260387820658,1
1.7996883905862153,-0.2526599455915253,0
-0.8967372959717945,0.07933218910833807,0
-0.5174074753515598,-1.0899360922572365,1
0.504364002856263,-0.8070878032583337,0
0.09924792928249222,1.2680420146911975,0
-0.34747445016186207,1.537227869713102,0
0.5626352377430038,0.8062129377781379,0
-0.09601324619419341,0.5328114729955876,1
1.1309369591480374,1.5103775000709938,1
2.1390310476680425,0.34313511211606135,0
-1.3349961655866807,-1.1056895796528543,0
